{
  "type": "FeatureCollection",
  "features": [
    {
      "type": "Feature",
      "properties": {
        "id": "P001",
        "refAreaHa": 36.73
      },
      "geometry": {
        "type": "Polygon",
        "coordinates": [
          [
            [
              76.578878,
              18.369131
            ],
            [
              76.578781,
              18.368861
            ],
            [
              76.578497,
              18.368863
            ],
            [
              76.578495,
              18.368592
            ],
            [
              76.578306,
              18.368594
            ],
            [
              76.578207,
              18.368143
            ],
            [
              76.578112,
              18.368144
            ],
            [
              76.578116,
              18.368595
            ],
            [
              76.577737,
              18.368508
            ],
            [
              76.578018,
              18.368235
            ],
            [
              76.578017,
              18.368054
            ],
            [
              76.577544,
              18.368148
            ],
            [
              76.577547,
              18.368419
            ],
            [
              76.577358,
              18.368511
            ],
            [
              76.577356,
              18.36824
            ],
            [
              76.577261,
              18.368241
            ],
            [
              76.577354,
              18.36806
            ],
            [
              76.57707,
              18.368062
            ],
            [
              76.577162,
              18.3677
            ],
            [
              76.577351,
              18.367698
            ],
            [
              76.57735,
              18.367608
            ],
            [
              76.577161,
              18.367609
            ],
            [
              76.577159,
              18.367429
            ],
            [
              76.57697,
              18.36743
            ],
            [
              76.576968,
              18.367159
            ],
            [
              76.576778,
              18.36707
            ],
            [
              76.576776,
              18.36689
            ],
            [
              76.576398,
              18.366983
            ],
            [
              76.576397,
              18.366803
            ],
            [
              76.576586,
              18.366801
            ],
            [
              76.576582,
              18.366349
            ],
            [
              76.576394,
              18.366532
            ],
            [
              76.576203,
              18.366352
            ],
            [
              76.576296,
              18.366171
            ],
            [
              76.576107,
              18.366172
            ],
            [
              76.576106,
              18.366082
            ],
            [
              76.576295,
              18.366081
            ],
            [
              76.576294,
              18.3659
            ],
            [
              76.576105,
              18.365992
            ],
            [
              76.576104,
              18.365811
            ],
            [
              76.576293,
              18.36581
            ],
            [
              76.576292,
              18.365719
            ],
            [
              76.575913,
              18.365632
            ],
            [
              76.576003,
              18.365089
            ],
            [
              76.575813,
              18.365091
            ],
            [
              76.575812,
              18.36491
            ],
            [
              76.575717,
              18.364911
            ],
            [
              76.57572,
              18.365272
            ],
            [
              76.575343,
              18.365456
            ],
            [
              76.575345,
              18.365637
            ],
            [
              76.575157,
              18.365819
            ],
            [
              76.575247,
              18.365276
            ],
            [
              76.575058,
              18.365278
            ],
            [
              76.575152,
              18.365186
            ],
            [
              76.575055,
              18.364916
            ],
            [
              76.574771,
              18.364919
            ],
            [
              76.574773,
              18.36519
            ],
            [
              76.574679,
              18.36519
            ],
            [
              76.574675,
              18.364829
            ],
            [
              76.574581,
              18.36483
            ],
            [
              76.574579,
              18.364649
            ],
            [
              76.574958,
              18.364736
            ],
            [
              76.574768,
              18.364557
            ],
            [
              76.57486,
              18.364376
            ],
            [
              76.574388,
              18.36447
            ],
            [
              76.574197,
              18.3642
            ],
            [
              76.573912,
              18.364112
            ],
            [
              76.574002,
              18.36366
            ],
            [
              76.574381,
              18.363657
            ],
            [
              76.57438,
              18.363566
            ],
            [
              76.57457,
              18.363655
            ],
            [
              76.574662,
              18.363383
            ],
            [
              76.575229,
              18.363288
            ],
            [
              76.575231,
              18.363469
            ],
            [
              76.574758,
              18.363473
            ],
            [
              76.574759,
              18.363654
            ],
            [
              76.575421,
              18.363558
            ],
            [
              76.575512,
              18.363196
            ],
            [
              76.575323,
              18.363197
            ],
            [
              76.575322,
              18.363107
            ],
            [
              76.575889,
              18.363012
            ],
            [
              76.575979,
              18.362469
            ],
            [
              76.575884,
              18.36247
            ],
            [
              76.575882,
              18.362289
            ],
            [
              76.576165,
              18.362106
            ],
            [
              76.576922,
              18.3621
            ],
            [
              76.576922,
              18.36219
            ],
            [
              76.5773,
              18.362097
            ],
            [
              76.577301,
              18.362187
            ],
            [
              76.577868,
              18.362092
            ],
            [
              76.577869,
              18.362182
            ],
            [
              76.578247,
              18.362179
            ],
            [
              76.578439,
              18.362449
            ],
            [
              76.579574,
              18.362439
            ],
            [
              76.579668,
              18.362348
            ],
            [
              76.579764,
              18.362528
            ],
            [
              76.580046,
              18.362255
            ],
            [
              76.580047,
              18.362345
            ],
            [
              76.580236,
              18.362343
            ],
            [
              76.580238,
              18.362614
            ],
            [
              76.580427,
              18.362522
            ],
            [
              76.580523,
              18.362702
            ],
            [
              76.580807,
              18.3627
            ],
            [
              76.580714,
              18.362881
            ],
            [
              76.581187,
              18.362878
            ],
            [
              76.581189,
              18.363058
            ],
            [
              76.581473,
              18.363146
            ],
            [
              76.581475,
              18.363327
            ],
            [
              76.58157,
              18.363326
            ],
            [
              76.581571,
              18.363507
            ],
            [
              76.581384,
              18.363689
            ],
            [
              76.581481,
              18.363959
            ],
            [
              76.581292,
              18.364051
            ],
            [
              76.581391,
              18.364502
            ],
            [
              76.581203,
              18.364685
            ],
            [
              76.5813,
              18.364864
            ],
            [
              76.581111,
              18.364866
            ],
            [
              76.581208,
              18.365227
            ],
            [
              76.581114,
              18.365227
            ],
            [
              76.581116,
              18.365498
            ],
            [
              76.580929,
              18.365681
            ],
            [
              76.581025,
              18.365861
            ],
            [
              76.58093,
              18.365861
            ],
            [
              76.580934,
              18.366223
            ],
            [
              76.580839,
              18.366224
            ],
            [
              76.580841,
              18.366495
            ],
            [
              76.580655,
              18.366767
            ],
            [
              76.580752,
              18.367038
            ],
            [
              76.580471,
              18.367401
            ],
            [
              76.580572,
              18.368123
            ],
            [
              76.580384,
              18.368215
            ],
            [
              76.580386,
              18.368486
            ],
            [
              76.580198,
              18.368578
            ],
            [
              76.580484,
              18.368756
            ],
            [
              76.580294,
              18.368758
            ],
            [
              76.580295,
              18.368848
            ],
            [
              76.580105,
              18.36876
            ],
            [
              76.580006,
              18.368309
            ],
            [
              76.579912,
              18.368309
            ],
            [
              76.580004,
              18.368038
            ],
            [
              76.579909,
              18.368038
            ],
            [
              76.579817,
              18.36831
            ],
            [
              76.579627,
              18.368221
            ],
            [
              76.579629,
              18.368402
            ],
            [
              76.579914,
              18.368581
            ],
            [
              76.57982,
              18.368672
            ],
            [
              76.579917,
              18.368852
            ],
            [
              76.579727,
              18.368853
            ],
            [
              76.579726,
              18.368672
            ],
            [
              76.579631,
              18.368673
            ],
            [
              76.579634,
              18.368944
            ],
            [
              76.579824,
              18.369123
            ],
            [
              76.579635,
              18.369125
            ],
            [
              76.579538,
              18.368855
            ],
            [
              76.57935,
              18.368947
            ],
            [
              76.579348,
              18.368766
            ],
            [
              76.579159,
              18.368767
            ],
            [
              76.579161,
              18.369039
            ],
            [
              76.578878,
              18.369131
            ]
          ],
          [
            [
              76.578877,
              18.368951
            ],
            [
              76.579064,
              18.368768
            ],
            [
              76.578875,
              18.36877
            ],
            [
              76.578877,
              18.368951
            ]
          ],
          [
            [
              76.579443,
              18.368765
            ],
            [
              76.579537,
              18.368764
            ],
            [
              76.579536,
              18.368674
            ],
            [
              76.579442,
              18.368675
            ],
            [
              76.579443,
              18.368765
            ]
          ],
          [
            [
              76.578779,
              18.36868
            ],
            [
              76.578969,
              18.368679
            ],
            [
              76.578968,
              18.368588
            ],
            [
              76.578589,
              18.368501
            ],
            [
              76.578779,
              18.36868
            ]
          ],
          [
            [
              76.579158,
              18.368677
            ],
            [
              76.579253,
              18.368676
            ],
            [
              76.579252,
              18.368586
            ],
            [
              76.579157,
              18.368587
            ],
            [
              76.579158,
              18.368677
            ]
          ],
          [
            [
              76.577925,
              18.368416
            ],
            [
              76.57802,
              18.368416
            ],
            [
              76.578019,
              18.368325
            ],
            [
              76.577925,
              18.368326
            ],
            [
              76.577925,
              18.368416
            ]
          ],
          [
            [
              76.578872,
              18.368408
            ],
            [
              76.578966,
              18.368408
            ],
            [
              76.578965,
              18.368317
            ],
            [
              76.578871,
              18.368318
            ],
            [
              76.578872,
              18.368408
            ]
          ],
          [
            [
              76.57745,
              18.368149
            ],
            [
              76.577638,
              18.368057
            ],
            [
              76.577542,
              18.367877
            ],
            [
              76.577447,
              18.367878
            ],
            [
              76.57745,
              18.368149
            ]
          ],
          [
            [
              76.579721,
              18.36813
            ],
            [
              76.579815,
              18.36813
            ],
            [
              76.579815,
              18.368039
            ],
            [
              76.57972,
              18.36804
            ],
            [
              76.579721,
              18.36813
            ]
          ],
          [
            [
              76.580382,
              18.368034
            ],
            [
              76.580477,
              18.368034
            ],
            [
              76.580476,
              18.367943
            ],
            [
              76.580381,
              18.367944
            ],
            [
              76.580382,
              18.368034
            ]
          ],
          [
            [
              76.577827,
              18.367965
            ],
            [
              76.578016,
              18.367964
            ],
            [
              76.578015,
              18.367873
            ],
            [
              76.577826,
              18.367875
            ],
            [
              76.577827,
              18.367965
            ]
          ],
          [
            [
              76.5783,
              18.367961
            ],
            [
              76.578394,
              18.367961
            ],
            [
              76.578394,
              18.36787
            ],
            [
              76.578299,
              18.367871
            ],
            [
              76.5783,
              18.367961
            ]
          ],
          [
            [
              76.57953,
              18.367951
            ],
            [
              76.579624,
              18.36795
            ],
            [
              76.579624,
              18.36786
            ],
            [
              76.579529,
              18.367861
            ],
            [
              76.57953,
              18.367951
            ]
          ],
          [
            [
              76.577542,
              18.367877
            ],
            [
              76.577731,
              18.367876
            ],
            [
              76.57773,
              18.367785
            ],
            [
              76.57754,
              18.367697
            ],
            [
              76.577542,
              18.367877
            ]
          ],
          [
            [
              76.578015,
              18.367873
            ],
            [
              76.57811,
              18.367873
            ],
            [
              76.578109,
              18.367782
            ],
            [
              76.578014,
              18.367783
            ],
            [
              76.578015,
              18.367873
            ]
          ],
          [
            [
              76.578107,
              18.367602
            ],
            [
              76.578202,
              18.367601
            ],
            [
              76.578201,
              18.36751
            ],
            [
              76.578106,
              18.367511
            ],
            [
              76.578107,
              18.367602
            ]
          ],
          [
            [
              76.577823,
              18.367514
            ],
            [
              76.577917,
              18.367513
            ],
            [
              76.577916,
              18.367422
            ],
            [
              76.577822,
              18.367423
            ],
            [
              76.577823,
              18.367514
            ]
          ],
          [
            [
              76.576967,
              18.367069
            ],
            [
              76.577061,
              18.367068
            ],
            [
              76.577061,
              18.366978
            ],
            [
              76.576966,
              18.366979
            ],
            [
              76.576967,
              18.367069
            ]
          ],
          [
            [
              76.57668,
              18.36671
            ],
            [
              76.576774,
              18.366709
            ],
            [
              76.576773,
              18.366619
            ],
            [
              76.576679,
              18.36662
            ],
            [
              76.57668,
              18.36671
            ]
          ],
          [
            [
              76.576964,
              18.366708
            ],
            [
              76.577058,
              18.366707
            ],
            [
              76.577057,
              18.366616
            ],
            [
              76.576963,
              18.366617
            ],
            [
              76.576964,
              18.366708
            ]
          ],
          [
            [
              76.576773,
              18.366528
            ],
            [
              76.576867,
              18.366528
            ],
            [
              76.576866,
              18.366437
            ],
            [
              76.576772,
              18.366438
            ],
            [
              76.576773,
              18.366528
            ]
          ],
          [
            [
              76.576393,
              18.366351
            ],
            [
              76.576487,
              18.36635
            ],
            [
              76.576486,
              18.36626
            ],
            [
              76.576392,
              18.36626
            ],
            [
              76.576393,
              18.366351
            ]
          ],
          [
            [
              76.576771,
              18.366348
            ],
            [
              76.576866,
              18.366347
            ],
            [
              76.576862,
              18.365986
            ],
            [
              76.576957,
              18.365985
            ],
            [
              76.576861,
              18.365805
            ],
            [
              76.576672,
              18.365897
            ],
            [
              76.576769,
              18.366167
            ],
            [
              76.57658,
              18.366169
            ],
            [
              76.576771,
              18.366348
            ]
          ],
          [
            [
              76.577244,
              18.366344
            ],
            [
              76.577339,
              18.366343
            ],
            [
              76.577337,
              18.366162
            ],
            [
              76.577242,
              18.366163
            ],
            [
              76.577244,
              18.366344
            ]
          ],
          [
            [
              76.576485,
              18.366169
            ],
            [
              76.57658,
              18.366169
            ],
            [
              76.576579,
              18.366078
            ],
            [
              76.576485,
              18.366079
            ],
            [
              76.576485,
              18.366169
            ]
          ],
          [
            [
              76.57639,
              18.36608
            ],
            [
              76.576485,
              18.366079
            ],
            [
              76.576484,
              18.365989
            ],
            [
              76.576389,
              18.365989
            ],
            [
              76.57639,
              18.36608
            ]
          ],
          [
            [
              76.576482,
              18.365808
            ],
            [
              76.576577,
              18.365807
            ],
            [
              76.576576,
              18.365717
            ],
            [
              76.576481,
              18.365718
            ],
            [
              76.576482,
              18.365808
            ]
          ],
          [
            [
              76.57705,
              18.365803
            ],
            [
              76.577239,
              18.365802
            ],
            [
              76.577238,
              18.365711
            ],
            [
              76.577049,
              18.365713
            ],
            [
              76.57705,
              18.365803
            ]
          ],
          [
            [
              76.57667,
              18.365626
            ],
            [
              76.576764,
              18.365625
            ],
            [
              76.576764,
              18.365535
            ],
            [
              76.576669,
              18.365535
            ],
            [
              76.57667,
              18.365626
            ]
          ],
          [
            [
              76.576385,
              18.365538
            ],
            [
              76.576574,
              18.365536
            ],
            [
              76.576667,
              18.365355
            ],
            [
              76.576478,
              18.365356
            ],
            [
              76.576385,
              18.365538
            ]
          ],
          [
            [
              76.5761,
              18.36545
            ],
            [
              76.576195,
              18.365449
            ],
            [
              76.576194,
              18.365359
            ],
            [
              76.5761,
              18.365359
            ],
            [
              76.5761,
              18.36545
            ]
          ],
          [
            [
              76.576857,
              18.365443
            ],
            [
              76.576952,
              18.365443
            ],
            [
              76.576951,
              18.365352
            ],
            [
              76.576857,
              18.365353
            ],
            [
              76.576857,
              18.365443
            ]
          ],
          [
            [
              76.575436,
              18.365274
            ],
            [
              76.575626,
              18.365273
            ],
            [
              76.575625,
              18.365183
            ],
            [
              76.575436,
              18.365184
            ],
            [
              76.575436,
              18.365274
            ]
          ],
          [
            [
              76.575529,
              18.365093
            ],
            [
              76.575624,
              18.365092
            ],
            [
              76.575623,
              18.365002
            ],
            [
              76.575529,
              18.365003
            ],
            [
              76.575529,
              18.365093
            ]
          ],
          [
            [
              76.57515,
              18.365006
            ],
            [
              76.575339,
              18.365004
            ],
            [
              76.575339,
              18.364914
            ],
            [
              76.575149,
              18.364915
            ],
            [
              76.57515,
              18.365006
            ]
          ],
          [
            [
              76.57619,
              18.364907
            ],
            [
              76.576285,
              18.364906
            ],
            [
              76.576284,
              18.364816
            ],
            [
              76.576189,
              18.364816
            ],
            [
              76.57619,
              18.364907
            ]
          ],
          [
            [
              76.575147,
              18.364644
            ],
            [
              76.575336,
              18.364643
            ],
            [
              76.575335,
              18.364552
            ],
            [
              76.575146,
              18.364554
            ],
            [
              76.575147,
              18.364644
            ]
          ],
          [
            [
              76.574576,
              18.364288
            ],
            [
              76.57467,
              18.364287
            ],
            [
              76.57467,
              18.364197
            ],
            [
              76.574575,
              18.364197
            ],
            [
              76.574576,
              18.364288
            ]
          ],
          [
            [
              76.574288,
              18.363838
            ],
            [
              76.574382,
              18.363837
            ],
            [
              76.574382,
              18.363747
            ],
            [
              76.574287,
              18.363748
            ],
            [
              76.574288,
              18.363838
            ]
          ],
          [
            [
              76.574572,
              18.363836
            ],
            [
              76.574666,
              18.363835
            ],
            [
              76.574666,
              18.363745
            ],
            [
              76.574571,
              18.363746
            ],
            [
              76.574572,
              18.363836
            ]
          ]
        ]
      }
    },
    {
      "type": "Feature",
      "properties": {
        "id": "P002",
        "refAreaHa": 35.31
      },
      "geometry": {
        "type": "Polygon",
        "coordinates": [
          [
            [
              76.486058,
              18.481109
            ],
            [
              76.486149,
              18.480657
            ],
            [
              76.486337,
              18.480565
            ],
            [
              76.486428,
              18.480112
            ],
            [
              76.486617,
              18.48002
            ],
            [
              76.486614,
              18.479749
            ],
            [
              76.486896,
              18.479476
            ],
            [
              76.486894,
              18.479205
            ],
            [
              76.487175,
              18.478932
            ],
            [
              76.487546,
              18.478025
            ],
            [
              76.487641,
              18.478024
            ],
            [
              76.487639,
              18.477753
            ],
            [
              76.48792,
              18.47739
            ],
            [
              76.488102,
              18.476575
            ],
            [
              76.48829,
              18.476393
            ],
            [
              76.488194,
              18.476213
            ],
            [
              76.488381,
              18.47594
            ],
            [
              76.488378,
              18.475669
            ],
            [
              76.488473,
              18.475669
            ],
            [
              76.488561,
              18.474945
            ],
            [
              76.488749,
              18.474763
            ],
            [
              76.488747,
              18.474492
            ],
            [
              76.488935,
              18.47431
            ],
            [
              76.489213,
              18.473585
            ],
            [
              76.489777,
              18.473128
            ],
            [
              76.489775,
              18.472948
            ],
            [
              76.490437,
              18.472852
            ],
            [
              76.49072,
              18.472669
            ],
            [
              76.491004,
              18.472667
            ],
            [
              76.491003,
              18.472577
            ],
            [
              76.492046,
              18.472749
            ],
            [
              76.492047,
              18.472839
            ],
            [
              76.492426,
              18.472927
            ],
            [
              76.492523,
              18.473107
            ],
            [
              76.492712,
              18.473105
            ],
            [
              76.492808,
              18.473285
            ],
            [
              76.492998,
              18.473284
            ],
            [
              76.49338,
              18.473642
            ],
            [
              76.493569,
              18.473641
            ],
            [
              76.49357,
              18.473821
            ],
            [
              76.493948,
              18.473728
            ],
            [
              76.494045,
              18.473908
            ],
            [
              76.49395,
              18.473909
            ],
            [
              76.493952,
              18.474089
            ],
            [
              76.494238,
              18.474358
            ],
            [
              76.494712,
              18.474445
            ],
            [
              76.495667,
              18.475341
            ],
            [
              76.495856,
              18.475339
            ],
            [
              76.496143,
              18.475699
            ],
            [
              76.496523,
              18.475786
            ],
            [
              76.496619,
              18.475966
            ],
            [
              76.497189,
              18.476142
            ],
            [
              76.497285,
              18.476322
            ],
            [
              76.497665,
              18.476409
            ],
            [
              76.497666,
              18.4765
            ],
            [
              76.49795,
              18.476497
            ],
            [
              76.498141,
              18.476677
            ],
            [
              76.498709,
              18.476672
            ],
            [
              76.49909,
              18.47694
            ],
            [
              76.500512,
              18.47711
            ],
            [
              76.500512,
              18.4772
            ],
            [
              76.501176,
              18.477285
            ],
            [
              76.501652,
              18.477552
            ],
            [
              76.502031,
              18.477549
            ],
            [
              76.502221,
              18.477729
            ],
            [
              76.502411,
              18.477727
            ],
            [
              76.503172,
              18.478173
            ],
            [
              76.503456,
              18.478171
            ],
            [
              76.503837,
              18.478439
            ],
            [
              76.504122,
              18.478436
            ],
            [
              76.504122,
              18.478527
            ],
            [
              76.504785,
              18.478522
            ],
            [
              76.504784,
              18.478431
            ],
            [
              76.505352,
              18.478336
            ],
            [
              76.50535,
              18.478156
            ],
            [
              76.50582,
              18.4777
            ],
            [
              76.505813,
              18.476887
            ],
            [
              76.505718,
              18.476888
            ],
            [
              76.505714,
              18.476436
            ],
            [
              76.505619,
              18.476437
            ],
            [
              76.505616,
              18.476075
            ],
            [
              76.505521,
              18.476076
            ],
            [
              76.505323,
              18.474993
            ],
            [
              76.505228,
              18.474994
            ],
            [
              76.505215,
              18.473548
            ],
            [
              76.50531,
              18.473548
            ],
            [
              76.505398,
              18.472734
            ],
            [
              76.505772,
              18.472189
            ],
            [
              76.505863,
              18.471827
            ],
            [
              76.506146,
              18.471644
            ],
            [
              76.506236,
              18.471191
            ],
            [
              76.5068,
              18.470644
            ],
            [
              76.506985,
              18.470191
            ],
            [
              76.507174,
              18.47019
            ],
            [
              76.507362,
              18.470007
            ],
            [
              76.507361,
              18.469827
            ],
            [
              76.507644,
              18.469734
            ],
            [
              76.507735,
              18.469282
            ],
            [
              76.508019,
              18.469279
            ],
            [
              76.508772,
              18.468822
            ],
            [
              76.509151,
              18.468819
            ],
            [
              76.50915,
              18.468728
            ],
            [
              76.510002,
              18.468721
            ],
            [
              76.510001,
              18.468631
            ],
            [
              76.510853,
              18.468534
            ],
            [
              76.510767,
              18.469529
            ],
            [
              76.510577,
              18.46953
            ],
            [
              76.510013,
              18.469896
            ],
            [
              76.510111,
              18.470347
            ],
            [
              76.509639,
              18.470441
            ],
            [
              76.509543,
              18.470352
            ],
            [
              76.50945,
              18.470533
            ],
            [
              76.509071,
              18.470536
            ],
            [
              76.50898,
              18.470898
            ],
            [
              76.509169,
              18.470897
            ],
            [
              76.509171,
              18.471077
            ],
            [
              76.508981,
              18.471079
            ],
            [
              76.509078,
              18.471349
            ],
            [
              76.508511,
              18.471444
            ],
            [
              76.508323,
              18.471626
            ],
            [
              76.508039,
              18.471629
            ],
            [
              76.507663,
              18.471903
            ],
            [
              76.507473,
              18.471904
            ],
            [
              76.507193,
              18.472268
            ],
            [
              76.507013,
              18.473444
            ],
            [
              76.506826,
              18.473626
            ],
            [
              76.506828,
              18.473897
            ],
            [
              76.506639,
              18.473899
            ],
            [
              76.506548,
              18.474351
            ],
            [
              76.506453,
              18.474352
            ],
            [
              76.50655,
              18.474622
            ],
            [
              76.506078,
              18.474716
            ],
            [
              76.506081,
              18.475078
            ],
            [
              76.506272,
              18.475257
            ],
            [
              76.506276,
              18.475709
            ],
            [
              76.506467,
              18.475978
            ],
            [
              76.506381,
              18.476973
            ],
            [
              76.506476,
              18.476972
            ],
            [
              76.506482,
              18.477695
            ],
            [
              76.506388,
              18.477696
            ],
            [
              76.506392,
              18.478147
            ],
            [
              76.505925,
              18.478874
            ],
            [
              76.505735,
              18.478875
            ],
            [
              76.505359,
              18.479149
            ],
            [
              76.503938,
              18.479161
            ],
            [
              76.503938,
              18.47907
            ],
            [
              76.503559,
              18.479073
            ],
            [
              76.503368,
              18.478894
            ],
            [
              76.502894,
              18.478808
            ],
            [
              76.502797,
              18.478628
            ],
            [
              76.502228,
              18.478451
            ],
            [
              76.501941,
              18.478183
            ],
            [
              76.501657,
              18.478185
            ],
            [
              76.501276,
              18.477917
            ],
            [
              76.498905,
              18.477484
            ],
            [
              76.498714,
              18.477305
            ],
            [
              76.497576,
              18.477043
            ],
            [
              76.497479,
              18.476863
            ],
            [
              76.49691,
              18.476686
            ],
            [
              76.496718,
              18.476417
            ],
            [
              76.496338,
              18.47633
            ],
            [
              76.496337,
              18.476149
            ],
            [
              76.496147,
              18.47615
            ],
            [
              76.496051,
              18.47597
            ],
            [
              76.495386,
              18.475705
            ],
            [
              76.494622,
              18.474988
            ],
            [
              76.494243,
              18.4749
            ],
            [
              76.493956,
              18.474632
            ],
            [
              76.493672,
              18.474634
            ],
            [
              76.493576,
              18.474454
            ],
            [
              76.493196,
              18.474366
            ],
            [
              76.4931,
              18.474186
            ],
            [
              76.492911,
              18.474188
            ],
            [
              76.492243,
              18.473561
            ],
            [
              76.491958,
              18.473563
            ],
            [
              76.491672,
              18.473294
            ],
            [
              76.491104,
              18.473299
            ],
            [
              76.491105,
              18.473389
            ],
            [
              76.490631,
              18.473302
            ],
            [
              76.489783,
              18.473851
            ],
            [
              76.489598,
              18.474395
            ],
            [
              76.48941,
              18.474487
            ],
            [
              76.489412,
              18.474758
            ],
            [
              76.489224,
              18.474849
            ],
            [
              76.489133,
              18.475302
            ],
            [
              76.489038,
              18.475303
            ],
            [
              76.489041,
              18.475664
            ],
            [
              76.488853,
              18.475846
            ],
            [
              76.488857,
              18.476298
            ],
            [
              76.48867,
              18.476571
            ],
            [
              76.488673,
              18.476842
            ],
            [
              76.488391,
              18.477115
            ],
            [
              76.488487,
              18.477295
            ],
            [
              76.488206,
              18.477659
            ],
            [
              76.488208,
              18.47793
            ],
            [
              76.48802,
              18.478021
            ],
            [
              76.487742,
              18.478747
            ],
            [
              76.487647,
              18.478747
            ],
            [
              76.48765,
              18.479018
            ],
            [
              76.487462,
              18.4792
            ],
            [
              76.48737,
              18.479563
            ],
            [
              76.487182,
              18.479654
            ],
            [
              76.487184,
              18.479926
            ],
            [
              76.486902,
              18.480108
            ],
            [
              76.486905,
              18.48047
            ],
            [
              76.486623,
              18.480743
            ],
            [
              76.486625,
              18.481014
            ],
            [
              76.486058,
              18.481109
            ]
          ]
        ]
      }
    },
    {
      "type": "Feature",
      "properties": {
        "id": "P003",
        "refAreaHa": 33.08
      },
      "geometry": {
        "type": "Polygon",
        "coordinates": [
          [
            [
              76.535522,
              18.37816
            ],
            [
              76.53523,
              18.377259
            ],
            [
              76.535041,
              18.37726
            ],
            [
              76.534854,
              18.377533
            ],
            [
              76.53457,
              18.377535
            ],
            [
              76.534571,
              18.377626
            ],
            [
              76.533908,
              18.377631
            ],
            [
              76.533626,
              18.377814
            ],
            [
              76.533153,
              18.377818
            ],
            [
              76.532965,
              18.378
            ],
            [
              76.532209,
              18.378096
            ],
            [
              76.532299,
              18.377644
            ],
            [
              76.53211,
              18.377645
            ],
            [
              76.532018,
              18.377917
            ],
            [
              76.531829,
              18.377919
            ],
            [
              76.531638,
              18.37774
            ],
            [
              76.531636,
              18.377559
            ],
            [
              76.531353,
              18.377652
            ],
            [
              76.531258,
              18.377562
            ],
            [
              76.531445,
              18.377289
            ],
            [
              76.53135,
              18.37729
            ],
            [
              76.531348,
              18.377109
            ],
            [
              76.531159,
              18.377111
            ],
            [
              76.53106,
              18.37666
            ],
            [
              76.530966,
              18.376661
            ],
            [
              76.531153,
              18.376479
            ],
            [
              76.531814,
              18.376293
            ],
            [
              76.53181,
              18.375841
            ],
            [
              76.531716,
              18.375842
            ],
            [
              76.531617,
              18.375391
            ],
            [
              76.531805,
              18.375208
            ],
            [
              76.531994,
              18.375207
            ],
            [
              76.532085,
              18.374845
            ],
            [
              76.532368,
              18.374752
            ],
            [
              76.532367,
              18.374571
            ],
            [
              76.532745,
              18.374478
            ],
            [
              76.532932,
              18.374296
            ],
            [
              76.532931,
              18.374115
            ],
            [
              76.533591,
              18.373929
            ],
            [
              76.53359,
              18.373748
            ],
            [
              76.533871,
              18.373475
            ],
            [
              76.534061,
              18.373473
            ],
            [
              76.534063,
              18.373744
            ],
            [
              76.534252,
              18.373743
            ],
            [
              76.534344,
              18.373381
            ],
            [
              76.534626,
              18.373198
            ],
            [
              76.534432,
              18.372657
            ],
            [
              76.534337,
              18.372658
            ],
            [
              76.534335,
              18.372387
            ],
            [
              76.534525,
              18.372476
            ],
            [
              76.534527,
              18.372656
            ],
            [
              76.535,
              18.372653
            ],
            [
              76.534713,
              18.372293
            ],
            [
              76.535092,
              18.372381
            ],
            [
              76.53528,
              18.372199
            ],
            [
              76.535279,
              18.372108
            ],
            [
              76.534995,
              18.37211
            ],
            [
              76.534894,
              18.371388
            ],
            [
              76.534799,
              18.371389
            ],
            [
              76.534796,
              18.371028
            ],
            [
              76.535175,
              18.371115
            ],
            [
              76.535173,
              18.370844
            ],
            [
              76.535078,
              18.370845
            ],
            [
              76.535171,
              18.370663
            ],
            [
              76.535551,
              18.370751
            ],
            [
              76.535647,
              18.370931
            ],
            [
              76.535835,
              18.370839
            ],
            [
              76.535935,
              18.37138
            ],
            [
              76.536221,
              18.371649
            ],
            [
              76.536225,
              18.372101
            ],
            [
              76.536416,
              18.37228
            ],
            [
              76.536889,
              18.372276
            ],
            [
              76.536989,
              18.372908
            ],
            [
              76.537177,
              18.372725
            ],
            [
              76.537368,
              18.372905
            ],
            [
              76.537774,
              18.376064
            ],
            [
              76.537869,
              18.376063
            ],
            [
              76.537873,
              18.376515
            ],
            [
              76.537402,
              18.37679
            ],
            [
              76.537406,
              18.377241
            ],
            [
              76.537218,
              18.377333
            ],
            [
              76.537219,
              18.377514
            ],
            [
              76.53703,
              18.377515
            ],
            [
              76.536939,
              18.377878
            ],
            [
              76.536654,
              18.37779
            ],
            [
              76.536468,
              18.378152
            ],
            [
              76.535899,
              18.377976
            ],
            [
              76.535806,
              18.378158
            ],
            [
              76.535522,
              18.37816
            ]
          ],
          [
            [
              76.532489,
              18.377733
            ],
            [
              76.532677,
              18.377551
            ],
            [
              76.533056,
              18.377638
            ],
            [
              76.533055,
              18.377457
            ],
            [
              76.532866,
              18.377459
            ],
            [
              76.532865,
              18.377368
            ],
            [
              76.533054,
              18.377367
            ],
            [
              76.533052,
              18.377186
            ],
            [
              76.532581,
              18.377371
            ],
            [
              76.532489,
              18.377733
            ]
          ],
          [
            [
              76.533243,
              18.377275
            ],
            [
              76.533432,
              18.377273
            ],
            [
              76.53343,
              18.377093
            ],
            [
              76.533243,
              18.377275
            ]
          ],
          [
            [
              76.533525,
              18.377092
            ],
            [
              76.533903,
              18.377089
            ],
            [
              76.533902,
              18.376908
            ],
            [
              76.533712,
              18.37691
            ],
            [
              76.533525,
              18.377092
            ]
          ],
          [
            [
              76.535568,
              18.372648
            ],
            [
              76.535662,
              18.372647
            ],
            [
              76.535661,
              18.372557
            ],
            [
              76.535567,
              18.372558
            ],
            [
              76.535568,
              18.372648
            ]
          ],
          [
            [
              76.535661,
              18.372557
            ],
            [
              76.535756,
              18.372556
            ],
            [
              76.535755,
              18.372466
            ],
            [
              76.535661,
              18.372467
            ],
            [
              76.535661,
              18.372557
            ]
          ],
          [
            [
              76.53585,
              18.372465
            ],
            [
              76.536134,
              18.372463
            ],
            [
              76.536227,
              18.372281
            ],
            [
              76.535941,
              18.372103
            ],
            [
              76.536038,
              18.372373
            ],
            [
              76.535849,
              18.372375
            ],
            [
              76.53585,
              18.372465
            ]
          ],
          [
            [
              76.53547,
              18.372378
            ],
            [
              76.535565,
              18.372377
            ],
            [
              76.535562,
              18.372016
            ],
            [
              76.535372,
              18.371927
            ],
            [
              76.53547,
              18.372378
            ]
          ],
          [
            [
              76.535277,
              18.371927
            ],
            [
              76.535372,
              18.371927
            ],
            [
              76.535371,
              18.371836
            ],
            [
              76.535276,
              18.371837
            ],
            [
              76.535277,
              18.371927
            ]
          ]
        ]
      }
    },
    {
      "type": "Feature",
      "properties": {
        "id": "P004",
        "refAreaHa": 28.12
      },
      "geometry": {
        "type": "Polygon",
        "coordinates": [
          [
            [
              76.540285,
              18.477333
            ],
            [
              76.540284,
              18.477242
            ],
            [
              76.539335,
              18.477069
            ],
            [
              76.539144,
              18.47689
            ],
            [
              76.538766,
              18.476893
            ],
            [
              76.53848,
              18.476715
            ],
            [
              76.538196,
              18.476717
            ],
            [
              76.538195,
              18.476627
            ],
            [
              76.537247,
              18.476454
            ],
            [
              76.537246,
              18.476363
            ],
            [
              76.536868,
              18.476457
            ],
            [
              76.536866,
              18.476186
            ],
            [
              76.536579,
              18.475917
            ],
            [
              76.5362,
              18.47583
            ],
            [
              76.535912,
              18.475471
            ],
            [
              76.535533,
              18.475383
            ],
            [
              76.53496,
              18.474846
            ],
            [
              76.533914,
              18.474403
            ],
            [
              76.533913,
              18.474222
            ],
            [
              76.53344,
              18.474316
            ],
            [
              76.533344,
              18.474136
            ],
            [
              76.533154,
              18.474138
            ],
            [
              76.533155,
              18.474228
            ],
            [
              76.531829,
              18.474148
            ],
            [
              76.531828,
              18.474058
            ],
            [
              76.530786,
              18.473976
            ],
            [
              76.530784,
              18.473795
            ],
            [
              76.529838,
              18.473893
            ],
            [
              76.529837,
              18.473803
            ],
            [
              76.529268,
              18.473717
            ],
            [
              76.529077,
              18.473448
            ],
            [
              76.528793,
              18.47345
            ],
            [
              76.528792,
              18.47336
            ],
            [
              76.528319,
              18.473454
            ],
            [
              76.52832,
              18.473544
            ],
            [
              76.527657,
              18.47355
            ],
            [
              76.527466,
              18.47337
            ],
            [
              76.527559,
              18.473189
            ],
            [
              76.52737,
              18.47319
            ],
            [
              76.527369,
              18.4731
            ],
            [
              76.526896,
              18.473104
            ],
            [
              76.526897,
              18.473285
            ],
            [
              76.526708,
              18.473286
            ],
            [
              76.526709,
              18.473376
            ],
            [
              76.525761,
              18.473294
            ],
            [
              76.525668,
              18.473475
            ],
            [
              76.525479,
              18.473477
            ],
            [
              76.525381,
              18.473116
            ],
            [
              76.525097,
              18.473118
            ],
            [
              76.525096,
              18.473028
            ],
            [
              76.523769,
              18.472948
            ],
            [
              76.523769,
              18.472858
            ],
            [
              76.522917,
              18.472955
            ],
            [
              76.522917,
              18.472865
            ],
            [
              76.522538,
              18.472868
            ],
            [
              76.522537,
              18.472778
            ],
            [
              76.521779,
              18.472784
            ],
            [
              76.521589,
              18.472604
            ],
            [
              76.521021,
              18.472699
            ],
            [
              76.52083,
              18.47252
            ],
            [
              76.51884,
              18.472265
            ],
            [
              76.518649,
              18.472086
            ],
            [
              76.517891,
              18.472092
            ],
            [
              76.5177,
              18.471913
            ],
            [
              76.517511,
              18.471914
            ],
            [
              76.517414,
              18.471734
            ],
            [
              76.51694,
              18.471648
            ],
            [
              76.516939,
              18.471557
            ],
            [
              76.515989,
              18.471204
            ],
            [
              76.515989,
              18.471113
            ],
            [
              76.515705,
              18.471116
            ],
            [
              76.515324,
              18.470848
            ],
            [
              76.514185,
              18.470586
            ],
            [
              76.514184,
              18.470495
            ],
            [
              76.51352,
              18.47032
            ],
            [
              76.512949,
              18.469963
            ],
            [
              76.512095,
              18.469789
            ],
            [
              76.511524,
              18.469432
            ],
            [
              76.511521,
              18.469161
            ],
            [
              76.51171,
              18.469069
            ],
            [
              76.511995,
              18.469248
            ],
            [
              76.511997,
              18.469428
            ],
            [
              76.512281,
              18.469426
            ],
            [
              76.512282,
              18.469516
            ],
            [
              76.51266,
              18.469423
            ],
            [
              76.512757,
              18.469693
            ],
            [
              76.512946,
              18.469692
            ],
            [
              76.513042,
              18.469872
            ],
            [
              76.514275,
              18.470043
            ],
            [
              76.514751,
              18.47031
            ],
            [
              76.515035,
              18.470308
            ],
            [
              76.515226,
              18.470487
            ],
            [
              76.515604,
              18.470484
            ],
            [
              76.515795,
              18.470663
            ],
            [
              76.516554,
              18.470838
            ],
            [
              76.516651,
              18.471018
            ],
            [
              76.51684,
              18.471016
            ],
            [
              76.517031,
              18.471195
            ],
            [
              76.51741,
              18.471192
            ],
            [
              76.517506,
              18.471372
            ],
            [
              76.51779,
              18.47137
            ],
            [
              76.517886,
              18.47155
            ],
            [
              76.518455,
              18.471636
            ],
            [
              76.518836,
              18.471904
            ],
            [
              76.519404,
              18.471899
            ],
            [
              76.519405,
              18.471989
            ],
            [
              76.519879,
              18.471986
            ],
            [
              76.519879,
              18.472076
            ],
            [
              76.520448,
              18.472071
            ],
            [
              76.520448,
              18.472162
            ],
            [
              76.520637,
              18.47207
            ],
            [
              76.520638,
              18.47216
            ],
            [
              76.521395,
              18.472154
            ],
            [
              76.521396,
              18.472245
            ],
            [
              76.522153,
              18.472239
            ],
            [
              76.522154,
              18.472329
            ],
            [
              76.522722,
              18.472324
            ],
            [
              76.522723,
              18.472415
            ],
            [
              76.523196,
              18.47232
            ],
            [
              76.523197,
              18.472411
            ],
            [
              76.524143,
              18.472403
            ],
            [
              76.524144,
              18.472494
            ],
            [
              76.527836,
              18.472373
            ],
            [
              76.527837,
              18.472464
            ],
            [
              76.528689,
              18.472457
            ],
            [
              76.52869,
              18.472547
            ],
            [
              76.529353,
              18.472632
            ],
            [
              76.529354,
              18.472723
            ],
            [
              76.530303,
              18.472896
            ],
            [
              76.530588,
              18.473074
            ],
            [
              76.531346,
              18.473068
            ],
            [
              76.531347,
              18.473158
            ],
            [
              76.531725,
              18.473155
            ],
            [
              76.531726,
              18.473246
            ],
            [
              76.533527,
              18.473412
            ],
            [
              76.533528,
              18.473502
            ],
            [
              76.533907,
              18.473589
            ],
            [
              76.53391,
              18.473951
            ],
            [
              76.534005,
              18.47395
            ],
            [
              76.534003,
              18.473769
            ],
            [
              76.534478,
              18.473856
            ],
            [
              76.534574,
              18.474036
            ],
            [
              76.535049,
              18.474213
            ],
            [
              76.535241,
              18.474482
            ],
            [
              76.53581,
              18.474658
            ],
            [
              76.536002,
              18.474928
            ],
            [
              76.536477,
              18.475105
            ],
            [
              76.536479,
              18.475285
            ],
            [
              76.536668,
              18.475284
            ],
            [
              76.537146,
              18.475822
            ],
            [
              76.537526,
              18.475909
            ],
            [
              76.537717,
              18.476088
            ],
            [
              76.538001,
              18.476086
            ],
            [
              76.538002,
              18.476177
            ],
            [
              76.538381,
              18.476173
            ],
            [
              76.538762,
              18.476441
            ],
            [
              76.53971,
              18.476614
            ],
            [
              76.540186,
              18.476882
            ],
            [
              76.542458,
              18.476773
            ],
            [
              76.542645,
              18.476591
            ],
            [
              76.543119,
              18.476587
            ],
            [
              76.543684,
              18.476221
            ],
            [
              76.544156,
              18.476126
            ],
            [
              76.545283,
              18.475033
            ],
            [
              76.545467,
              18.474489
            ],
            [
              76.545844,
              18.474215
            ],
            [
              76.546308,
              18.473218
            ],
            [
              76.546591,
              18.473035
            ],
            [
              76.546588,
              18.472763
            ],
            [
              76.547245,
              18.472126
            ],
            [
              76.547244,
              18.471945
            ],
            [
              76.547995,
              18.471216
            ],
            [
              76.548466,
              18.471031
            ],
            [
              76.548465,
              18.470851
            ],
            [
              76.548653,
              18.470668
            ],
            [
              76.548842,
              18.470667
            ],
            [
              76.549029,
              18.470394
            ],
            [
              76.549313,
              18.470392
            ],
            [
              76.549506,
              18.470842
            ],
            [
              76.548943,
              18.471389
            ],
            [
              76.548565,
              18.471482
            ],
            [
              76.548284,
              18.471846
            ],
            [
              76.547813,
              18.472031
            ],
            [
              76.547814,
              18.472211
            ],
            [
              76.547156,
              18.472759
            ],
            [
              76.547158,
              18.47294
            ],
            [
              76.546969,
              18.473031
            ],
            [
              76.546878,
              18.473394
            ],
            [
              76.54669,
              18.473576
            ],
            [
              76.546693,
              18.473847
            ],
            [
              76.546505,
              18.474029
            ],
            [
              76.546508,
              18.474391
            ],
            [
              76.545945,
              18.474937
            ],
            [
              76.545946,
              18.475118
            ],
            [
              76.545758,
              18.47521
            ],
            [
              76.54576,
              18.475391
            ],
            [
              76.545571,
              18.475482
            ],
            [
              76.545573,
              18.475663
            ],
            [
              76.545385,
              18.475845
            ],
            [
              76.545195,
              18.475847
            ],
            [
              76.544538,
              18.476485
            ],
            [
              76.544349,
              18.476486
            ],
            [
              76.544256,
              18.476668
            ],
            [
              76.544067,
              18.476669
            ],
            [
              76.543502,
              18.477035
            ],
            [
              76.542272,
              18.477226
            ],
            [
              76.542273,
              18.477316
            ],
            [
              76.540285,
              18.477333
            ]
          ],
          [
            [
              76.533817,
              18.474132
            ],
            [
              76.533912,
              18.474131
            ],
            [
              76.53391,
              18.473951
            ],
            [
              76.533816,
              18.473952
            ],
            [
              76.533817,
              18.474132
            ]
          ],
          [
            [
              76.52794,
              18.473367
            ],
            [
              76.528129,
              18.473365
            ],
            [
              76.528128,
              18.473275
            ],
            [
              76.527843,
              18.473187
            ],
            [
              76.52794,
              18.473367
            ]
          ],
          [
            [
              76.528886,
              18.473359
            ],
            [
              76.528981,
              18.473358
            ],
            [
              76.52898,
              18.473268
            ],
            [
              76.528886,
              18.473269
            ],
            [
              76.528886,
              18.473359
            ]
          ],
          [
            [
              76.528696,
              18.47327
            ],
            [
              76.528886,
              18.473269
            ],
            [
              76.528885,
              18.473178
            ],
            [
              76.528695,
              18.47318
            ],
            [
              76.528696,
              18.47327
            ]
          ],
          [
            [
              76.527559,
              18.473189
            ],
            [
              76.527843,
              18.473187
            ],
            [
              76.527842,
              18.473096
            ],
            [
              76.527558,
              18.473099
            ],
            [
              76.527559,
              18.473189
            ]
          ]
        ]
      }
    },
    {
      "type": "Feature",
      "properties": {
        "id": "P005",
        "refAreaHa": 20.6
      },
      "geometry": {
        "type": "Polygon",
        "coordinates": [
          [
            [
              76.559374,
              18.47311
            ],
            [
              76.559374,
              18.47302
            ],
            [
              76.558805,
              18.472934
            ],
            [
              76.558801,
              18.472573
            ],
            [
              76.558516,
              18.472395
            ],
            [
              76.558418,
              18.472034
            ],
            [
              76.558227,
              18.471855
            ],
            [
              76.558224,
              18.471584
            ],
            [
              76.558035,
              18.471585
            ],
            [
              76.558032,
              18.471224
            ],
            [
              76.557842,
              18.471135
            ],
            [
              76.557838,
              18.470774
            ],
            [
              76.557647,
              18.470595
            ],
            [
              76.557646,
              18.470414
            ],
            [
              76.557455,
              18.470325
            ],
            [
              76.557358,
              18.469965
            ],
            [
              76.556976,
              18.469697
            ],
            [
              76.556878,
              18.469246
            ],
            [
              76.556209,
              18.468619
            ],
            [
              76.55602,
              18.46862
            ],
            [
              76.555923,
              18.46835
            ],
            [
              76.554782,
              18.467908
            ],
            [
              76.554591,
              18.467728
            ],
            [
              76.553454,
              18.467647
            ],
            [
              76.553455,
              18.467738
            ],
            [
              76.553077,
              18.467741
            ],
            [
              76.553077,
              18.467831
            ],
            [
              76.55251,
              18.467926
            ],
            [
              76.552511,
              18.468017
            ],
            [
              76.551944,
              18.468202
            ],
            [
              76.551855,
              18.468745
            ],
            [
              76.55176,
              18.468746
            ],
            [
              76.551857,
              18.469016
            ],
            [
              76.5511,
              18.469112
            ],
            [
              76.551103,
              18.469383
            ],
            [
              76.550539,
              18.46984
            ],
            [
              76.550541,
              18.47002
            ],
            [
              76.550351,
              18.470022
            ],
            [
              76.549789,
              18.470659
            ],
            [
              76.549505,
              18.470661
            ],
            [
              76.549217,
              18.470212
            ],
            [
              76.5495,
              18.470119
            ],
            [
              76.549593,
              18.469938
            ],
            [
              76.549782,
              18.469936
            ],
            [
              76.549969,
              18.469664
            ],
            [
              76.550159,
              18.469662
            ],
            [
              76.550157,
              18.469481
            ],
            [
              76.550535,
              18.469388
            ],
            [
              76.550533,
              18.469207
            ],
            [
              76.550816,
              18.469115
            ],
            [
              76.550815,
              18.468934
            ],
            [
              76.550909,
              18.468933
            ],
            [
              76.550812,
              18.468573
            ],
            [
              76.550906,
              18.468572
            ],
            [
              76.550905,
              18.468391
            ],
            [
              76.551092,
              18.468209
            ],
            [
              76.55147,
              18.468115
            ],
            [
              76.551752,
              18.467842
            ],
            [
              76.55175,
              18.467661
            ],
            [
              76.55194,
              18.46766
            ],
            [
              76.552315,
              18.467295
            ],
            [
              76.552788,
              18.467291
            ],
            [
              76.552788,
              18.467201
            ],
            [
              76.553166,
              18.467198
            ],
            [
              76.553166,
              18.467108
            ],
            [
              76.553923,
              18.467101
            ],
            [
              76.553924,
              18.467192
            ],
            [
              76.554681,
              18.467186
            ],
            [
              76.554778,
              18.467365
            ],
            [
              76.555156,
              18.467362
            ],
            [
              76.555157,
              18.467453
            ],
            [
              76.555441,
              18.46745
            ],
            [
              76.555439,
              18.46727
            ],
            [
              76.555534,
              18.467269
            ],
            [
              76.555725,
              18.467448
            ],
            [
              76.555727,
              18.467629
            ],
            [
              76.55668,
              18.468344
            ],
            [
              76.556777,
              18.468614
            ],
            [
              76.557061,
              18.468612
            ],
            [
              76.557351,
              18.469242
            ],
            [
              76.557636,
              18.46933
            ],
            [
              76.557638,
              18.469511
            ],
            [
              76.557924,
              18.469779
            ],
            [
              76.557926,
              18.47005
            ],
            [
              76.558212,
              18.470229
            ],
            [
              76.558215,
              18.47059
            ],
            [
              76.558406,
              18.470679
            ],
            [
              76.558503,
              18.470949
            ],
            [
              76.558692,
              18.470948
            ],
            [
              76.558696,
              18.471399
            ],
            [
              76.558982,
              18.471578
            ],
            [
              76.558985,
              18.471939
            ],
            [
              76.559558,
              18.472476
            ],
            [
              76.560316,
              18.472561
            ],
            [
              76.560317,
              18.472651
            ],
            [
              76.561072,
              18.472374
            ],
            [
              76.561165,
              18.472192
            ],
            [
              76.561637,
              18.472008
            ],
            [
              76.561824,
              18.471735
            ],
            [
              76.562484,
              18.471458
            ],
            [
              76.562483,
              18.471278
            ],
            [
              76.56305,
              18.471183
            ],
            [
              76.563615,
              18.470817
            ],
            [
              76.563899,
              18.470814
            ],
            [
              76.564275,
              18.47054
            ],
            [
              76.564748,
              18.470446
            ],
            [
              76.565217,
              18.46999
            ],
            [
              76.565783,
              18.469805
            ],
            [
              76.566252,
              18.469259
            ],
            [
              76.566913,
              18.469073
            ],
            [
              76.567101,
              18.46889
            ],
            [
              76.568518,
              18.468608
            ],
            [
              76.568706,
              18.468425
            ],
            [
              76.569369,
              18.46842
            ],
            [
              76.569557,
              18.468238
            ],
            [
              76.569841,
              18.468235
            ],
            [
              76.569934,
              18.468054
            ],
            [
              76.570407,
              18.46805
            ],
            [
              76.570689,
              18.467867
            ],
            [
              76.572581,
              18.46758
            ],
            [
              76.57267,
              18.467037
            ],
            [
              76.573524,
              18.467211
            ],
            [
              76.573806,
              18.466937
            ],
            [
              76.574184,
              18.466934
            ],
            [
              76.574282,
              18.467295
            ],
            [
              76.574377,
              18.467294
            ],
            [
              76.57438,
              18.467655
            ],
            [
              76.574002,
              18.467659
            ],
            [
              76.573814,
              18.467841
            ],
            [
              76.573246,
              18.467846
            ],
            [
              76.573247,
              18.467936
            ],
            [
              76.573056,
              18.467847
            ],
            [
              76.573057,
              18.467937
            ],
            [
              76.57249,
              18.468033
            ],
            [
              76.572397,
              18.468214
            ],
            [
              76.572017,
              18.468127
            ],
            [
              76.572018,
              18.468217
            ],
            [
              76.57145,
              18.468222
            ],
            [
              76.571168,
              18.468405
            ],
            [
              76.5706,
              18.46841
            ],
            [
              76.56994,
              18.468776
            ],
            [
              76.568429,
              18.46915
            ],
            [
              76.567864,
              18.469517
            ],
            [
              76.56758,
              18.469519
            ],
            [
              76.567487,
              18.4697
            ],
            [
              76.566636,
              18.469888
            ],
            [
              76.566544,
              18.47016
            ],
            [
              76.56626,
              18.470162
            ],
            [
              76.565789,
              18.470437
            ],
            [
              76.56541,
              18.47044
            ],
            [
              76.565129,
              18.470714
            ],
            [
              76.564939,
              18.470715
            ],
            [
              76.564846,
              18.470897
            ],
            [
              76.563054,
              18.471634
            ],
            [
              76.562678,
              18.471999
            ],
            [
              76.562681,
              18.47227
            ],
            [
              76.562113,
              18.472275
            ],
            [
              76.561737,
              18.472639
            ],
            [
              76.560982,
              18.472826
            ],
            [
              76.5607,
              18.4731
            ],
            [
              76.559374,
              18.47311
            ]
          ]
        ]
      }
    },
    {
      "type": "Feature",
      "properties": {
        "id": "P006",
        "refAreaHa": 11.24
      },
      "geometry": {
        "type": "Polygon",
        "coordinates": [
          [
            [
              76.478325,
              18.396323
            ],
            [
              76.478039,
              18.396054
            ],
            [
              76.477849,
              18.396056
            ],
            [
              76.477753,
              18.395876
            ],
            [
              76.477564,
              18.395877
            ],
            [
              76.477372,
              18.395608
            ],
            [
              76.477088,
              18.39552
            ],
            [
              76.476988,
              18.394888
            ],
            [
              76.477082,
              18.394797
            ],
            [
              76.47689,
              18.394527
            ],
            [
              76.476977,
              18.393623
            ],
            [
              76.476787,
              18.393534
            ],
            [
              76.47669,
              18.393264
            ],
            [
              76.477352,
              18.393168
            ],
            [
              76.477354,
              18.393439
            ],
            [
              76.477544,
              18.393528
            ],
            [
              76.477548,
              18.39398
            ],
            [
              76.478493,
              18.393882
            ],
            [
              76.47878,
              18.394151
            ],
            [
              76.478969,
              18.39415
            ],
            [
              76.478968,
              18.394059
            ],
            [
              76.479348,
              18.394147
            ],
            [
              76.479533,
              18.393694
            ],
            [
              76.479723,
              18.393782
            ],
            [
              76.479714,
              18.392698
            ],
            [
              76.479808,
              18.392697
            ],
            [
              76.479802,
              18.391975
            ],
            [
              76.479897,
              18.391974
            ],
            [
              76.480185,
              18.392423
            ],
            [
              76.48085,
              18.392689
            ],
            [
              76.480946,
              18.39296
            ],
            [
              76.481137,
              18.393049
            ],
            [
              76.481047,
              18.393591
            ],
            [
              76.481427,
              18.393769
            ],
            [
              76.481527,
              18.394401
            ],
            [
              76.481149,
              18.394494
            ],
            [
              76.480773,
              18.394859
            ],
            [
              76.480584,
              18.39486
            ],
            [
              76.480397,
              18.395133
            ],
            [
              76.480208,
              18.395134
            ],
            [
              76.480115,
              18.395315
            ],
            [
              76.479925,
              18.395317
            ],
            [
              76.479832,
              18.395498
            ],
            [
              76.479361,
              18.395683
            ],
            [
              76.478797,
              18.396229
            ],
            [
              76.478325,
              18.396323
            ]
          ]
        ]
      }
    },
    {
      "type": "Feature",
      "properties": {
        "id": "P007",
        "refAreaHa": 10.99
      },
      "geometry": {
        "type": "Polygon",
        "coordinates": [
          [
            [
              76.474932,
              18.40909
            ],
            [
              76.474835,
              18.40891
            ],
            [
              76.47493,
              18.40891
            ],
            [
              76.475022,
              18.408547
            ],
            [
              76.47483,
              18.408278
            ],
            [
              76.474641,
              18.408279
            ],
            [
              76.474639,
              18.408099
            ],
            [
              76.473788,
              18.408196
            ],
            [
              76.473597,
              18.408016
            ],
            [
              76.473313,
              18.408018
            ],
            [
              76.473315,
              18.408199
            ],
            [
              76.473126,
              18.408201
            ],
            [
              76.473028,
              18.40784
            ],
            [
              76.472839,
              18.407841
            ],
            [
              76.472931,
              18.40757
            ],
            [
              76.472835,
              18.40748
            ],
            [
              76.472552,
              18.407482
            ],
            [
              76.472455,
              18.407302
            ],
            [
              76.472077,
              18.407305
            ],
            [
              76.472359,
              18.407122
            ],
            [
              76.472738,
              18.407119
            ],
            [
              76.472736,
              18.406939
            ],
            [
              76.473208,
              18.406754
            ],
            [
              76.473206,
              18.406483
            ],
            [
              76.473016,
              18.406394
            ],
            [
              76.473108,
              18.406123
            ],
            [
              76.472537,
              18.405766
            ],
            [
              76.47244,
              18.405495
            ],
            [
              76.472724,
              18.405493
            ],
            [
              76.472821,
              18.405763
            ],
            [
              76.473011,
              18.405852
            ],
            [
              76.473007,
              18.4054
            ],
            [
              76.473385,
              18.405307
            ],
            [
              76.473287,
              18.404947
            ],
            [
              76.47376,
              18.404943
            ],
            [
              76.473854,
              18.404761
            ],
            [
              76.474421,
              18.404757
            ],
            [
              76.474519,
              18.405118
            ],
            [
              76.474708,
              18.405116
            ],
            [
              76.474805,
              18.405296
            ],
            [
              76.475089,
              18.405294
            ],
            [
              76.475089,
              18.405384
            ],
            [
              76.475278,
              18.405292
            ],
            [
              76.475279,
              18.405383
            ],
            [
              76.475563,
              18.405381
            ],
            [
              76.475944,
              18.405739
            ],
            [
              76.47595,
              18.406372
            ],
            [
              76.475855,
              18.406372
            ],
            [
              76.47559,
              18.408543
            ],
            [
              76.475495,
              18.408544
            ],
            [
              76.47531,
              18.409087
            ],
            [
              76.474932,
              18.40909
            ]
          ]
        ]
      }
    },
    {
      "type": "Feature",
      "properties": {
        "id": "P008",
        "refAreaHa": 6.98
      },
      "geometry": {
        "type": "Polygon",
        "coordinates": [
          [
            [
              76.483455,
              18.365381
            ],
            [
              76.483455,
              18.36529
            ],
            [
              76.483265,
              18.365292
            ],
            [
              76.483262,
              18.364931
            ],
            [
              76.482788,
              18.364754
            ],
            [
              76.482879,
              18.364391
            ],
            [
              76.482498,
              18.364033
            ],
            [
              76.482591,
              18.363942
            ],
            [
              76.48259,
              18.363761
            ],
            [
              76.482495,
              18.363762
            ],
            [
              76.482586,
              18.363309
            ],
            [
              76.482396,
              18.36322
            ],
            [
              76.482488,
              18.362858
            ],
            [
              76.482393,
              18.362859
            ],
            [
              76.482199,
              18.362318
            ],
            [
              76.482766,
              18.362224
            ],
            [
              76.482765,
              18.362133
            ],
            [
              76.483238,
              18.36213
            ],
            [
              76.483238,
              18.362039
            ],
            [
              76.484939,
              18.361845
            ],
            [
              76.484941,
              18.362026
            ],
            [
              76.48513,
              18.362024
            ],
            [
              76.485131,
              18.362115
            ],
            [
              76.484942,
              18.362116
            ],
            [
              76.48504,
              18.362567
            ],
            [
              76.484945,
              18.362568
            ],
            [
              76.484947,
              18.362749
            ],
            [
              76.485042,
              18.362748
            ],
            [
              76.484949,
              18.362929
            ],
            [
              76.485043,
              18.362929
            ],
            [
              76.485045,
              18.363109
            ],
            [
              76.485234,
              18.363108
            ],
            [
              76.485236,
              18.363289
            ],
            [
              76.485047,
              18.363381
            ],
            [
              76.485045,
              18.3632
            ],
            [
              76.484951,
              18.363201
            ],
            [
              76.484952,
              18.363381
            ],
            [
              76.484858,
              18.363382
            ],
            [
              76.484855,
              18.363021
            ],
            [
              76.48476,
              18.363021
            ],
            [
              76.484762,
              18.363292
            ],
            [
              76.484574,
              18.363384
            ],
            [
              76.484483,
              18.363837
            ],
            [
              76.484389,
              18.363837
            ],
            [
              76.484489,
              18.364469
            ],
            [
              76.484014,
              18.364292
            ],
            [
              76.483922,
              18.364564
            ],
            [
              76.483545,
              18.364748
            ],
            [
              76.483643,
              18.365199
            ],
            [
              76.483455,
              18.365381
            ]
          ],
          [
            [
              76.483349,
              18.364026
            ],
            [
              76.483537,
              18.363844
            ],
            [
              76.483348,
              18.363846
            ],
            [
              76.483349,
              18.364026
            ]
          ],
          [
            [
              76.484012,
              18.364021
            ],
            [
              76.484106,
              18.36402
            ],
            [
              76.484105,
              18.36384
            ],
            [
              76.48401,
              18.36384
            ],
            [
              76.484012,
              18.364021
            ]
          ]
        ]
      }
    },
    {
      "type": "Feature",
      "properties": {
        "id": "P009",
        "refAreaHa": 4.63
      },
      "geometry": {
        "type": "Polygon",
        "coordinates": [
          [
            [
              76.486447,
              18.383158
            ],
            [
              76.48635,
              18.382888
            ],
            [
              76.486256,
              18.382979
            ],
            [
              76.485971,
              18.382891
            ],
            [
              76.485874,
              18.38262
            ],
            [
              76.48559,
              18.382623
            ],
            [
              76.485403,
              18.382895
            ],
            [
              76.485116,
              18.382446
            ],
            [
              76.484928,
              18.382628
            ],
            [
              76.484265,
              18.382633
            ],
            [
              76.484262,
              18.382272
            ],
            [
              76.48483,
              18.382267
            ],
            [
              76.485112,
              18.381994
            ],
            [
              76.485109,
              18.381723
            ],
            [
              76.485298,
              18.381631
            ],
            [
              76.485296,
              18.38145
            ],
            [
              76.48586,
              18.380994
            ],
            [
              76.485765,
              18.380904
            ],
            [
              76.485757,
              18.380001
            ],
            [
              76.485567,
              18.379912
            ],
            [
              76.485659,
              18.37955
            ],
            [
              76.485848,
              18.379548
            ],
            [
              76.486231,
              18.380088
            ],
            [
              76.486422,
              18.380267
            ],
            [
              76.486611,
              18.380265
            ],
            [
              76.486613,
              18.380446
            ],
            [
              76.486802,
              18.380445
            ],
            [
              76.486804,
              18.380716
            ],
            [
              76.48671,
              18.380716
            ],
            [
              76.486811,
              18.381529
            ],
            [
              76.486717,
              18.38153
            ],
            [
              76.486731,
              18.383156
            ],
            [
              76.486447,
              18.383158
            ]
          ],
          [
            [
              76.486445,
              18.382977
            ],
            [
              76.486634,
              18.382976
            ],
            [
              76.486632,
              18.382705
            ],
            [
              76.486444,
              18.382797
            ],
            [
              76.486445,
              18.382977
            ]
          ],
          [
            [
              76.485859,
              18.380813
            ],
            [
              76.486143,
              18.380811
            ],
            [
              76.486235,
              18.380539
            ],
            [
              76.48595,
              18.380451
            ],
            [
              76.485859,
              18.380813
            ]
          ]
        ]
      }
    },
    {
      "type": "Feature",
      "properties": {
        "id": "P010",
        "refAreaHa": 2.86
      },
      "geometry": {
        "type": "Polygon",
        "coordinates": [
          [
            [
              76.508448,
              18.355607
            ],
            [
              76.508447,
              18.355516
            ],
            [
              76.508164,
              18.355518
            ],
            [
              76.508067,
              18.355338
            ],
            [
              76.507878,
              18.35534
            ],
            [
              76.507115,
              18.354623
            ],
            [
              76.506452,
              18.354538
            ],
            [
              76.506355,
              18.354268
            ],
            [
              76.507015,
              18.353991
            ],
            [
              76.507017,
              18.354262
            ],
            [
              76.507207,
              18.354351
            ],
            [
              76.507395,
              18.354169
            ],
            [
              76.507298,
              18.353899
            ],
            [
              76.507582,
              18.353897
            ],
            [
              76.507581,
              18.353806
            ],
            [
              76.507676,
              18.353896
            ],
            [
              76.508243,
              18.353801
            ],
            [
              76.508244,
              18.353891
            ],
            [
              76.508433,
              18.35389
            ],
            [
              76.508435,
              18.354071
            ],
            [
              76.508719,
              18.354159
            ],
            [
              76.508817,
              18.354519
            ],
            [
              76.508723,
              18.35452
            ],
            [
              76.508724,
              18.354701
            ],
            [
              76.508819,
              18.3547
            ],
            [
              76.508917,
              18.355061
            ],
            [
              76.508728,
              18.355153
            ],
            [
              76.508637,
              18.355515
            ],
            [
              76.508448,
              18.355607
            ]
          ]
        ]
      }
    },
    {
      "type": "Feature",
      "properties": {
        "id": "P011",
        "refAreaHa": 1.53
      },
      "geometry": {
        "type": "Polygon",
        "coordinates": [
          [
            [
              76.48429,
              18.374501
            ],
            [
              76.483909,
              18.374142
            ],
            [
              76.483999,
              18.373599
            ],
            [
              76.484186,
              18.373327
            ],
            [
              76.484183,
              18.373056
            ],
            [
              76.484278,
              18.373055
            ],
            [
              76.484367,
              18.372422
            ],
            [
              76.484934,
              18.372327
            ],
            [
              76.484936,
              18.372508
            ],
            [
              76.485125,
              18.372506
            ],
            [
              76.485035,
              18.373049
            ],
            [
              76.484941,
              18.37305
            ],
            [
              76.484942,
              18.37323
            ],
            [
              76.484563,
              18.373143
            ],
            [
              76.484469,
              18.373234
            ],
            [
              76.48447,
              18.373415
            ],
            [
              76.484756,
              18.373593
            ],
            [
              76.484662,
              18.373684
            ],
            [
              76.484759,
              18.373955
            ],
            [
              76.484664,
              18.373955
            ],
            [
              76.484573,
              18.374318
            ],
            [
              76.48429,
              18.374501
            ]
          ]
        ]
      }
    },
    {
      "type": "Feature",
      "properties": {
        "id": "P012",
        "refAreaHa": 1.43
      },
      "geometry": {
        "type": "Polygon",
        "coordinates": [
          [
            [
              76.575128,
              18.466565
            ],
            [
              76.575503,
              18.4662
            ],
            [
              76.575693,
              18.466199
            ],
            [
              76.575786,
              18.466017
            ],
            [
              76.57607,
              18.466015
            ],
            [
              76.576632,
              18.465378
            ],
            [
              76.577104,
              18.465193
            ],
            [
              76.5771,
              18.464741
            ],
            [
              76.577382,
              18.464558
            ],
            [
              76.577473,
              18.464196
            ],
            [
              76.577568,
              18.464195
            ],
            [
              76.577464,
              18.463202
            ],
            [
              76.577654,
              18.463201
            ],
            [
              76.577754,
              18.463832
            ],
            [
              76.577849,
              18.463832
            ],
            [
              76.577668,
              18.464827
            ],
            [
              76.577385,
              18.46492
            ],
            [
              76.5772,
              18.465373
            ],
            [
              76.576918,
              18.465646
            ],
            [
              76.576729,
              18.465648
            ],
            [
              76.575979,
              18.466468
            ],
            [
              76.575128,
              18.466565
            ]
          ]
        ]
      }
    },
    {
      "type": "Feature",
      "properties": {
        "id": "P013",
        "refAreaHa": 1.14
      },
      "geometry": {
        "type": "Polygon",
        "coordinates": [
          [
            [
              76.476486,
              18.358206
            ],
            [
              76.476388,
              18.357755
            ],
            [
              76.476482,
              18.357664
            ],
            [
              76.476861,
              18.357752
            ],
            [
              76.47686,
              18.357661
            ],
            [
              76.478374,
              18.357649
            ],
            [
              76.478284,
              18.358192
            ],
            [
              76.478095,
              18.358194
            ],
            [
              76.478094,
              18.358103
            ],
            [
              76.476486,
              18.358206
            ]
          ]
        ]
      }
    }
  ]
}